predict,words
0,"[사업
시간
한국
무형문화재
초청
작가
서울시
홈페이지
온라인
관람
참여
문화
제한
도슨
프로그램
예약
무료
주최
공연
월요일
교육
충무공
거리
도예
사단법인
인의
창립
모임
활동
세미나
대표
초대
아티스트
창작
매년
선발
스튜디오
개국
올해
선정
심사
예정
출판
발표
큐레이터
미술
크리스마스
관람객
장소
대화
전국
행사
단체
전시장
체험
예방
초등학생
어린이
학생
대회
해설
미술가
협회
명의
회장
정보
연합
유명
전문
토론
전람회
오후
국민
학술
협력
워크숍
개막식
마당
피아노
이상
공동
최종
주말
최초
홍보
가이드
일반
신작
국내외
코로나
마스크
인스타그램
네이버
제로
강연
토크
라이브
연구소
국제
만화
오프닝
수상
우수상
문화재단
재단
연주
허브
전시관
극장
위원장
오디오
청년
교류
대한민국
미술대전
위원
전화
현장
서비스
마감
오전
추석
연휴
성인
장애인
후원
정규
기관
해외
독도
왕성
중견
대사관
출품
학회
군인
국내
금요일
포인트
여명
살림
의무
이사장
공모전
관일
체육관
광부
수상작
위원회
축제
나눔
시상식
조각가
토이
경북
원로
복지
파티
특선
워크샵
대학생
명예
수요일
개방
예술인
커피
설립
국전
유망
콘서트
청소년
투어
해시태그
안전
수업
입상
화요일
만화가
모바일
포럼
라운지
엽서
코로나바이러스
감염증
콜렉티브
야간
안은미
웹툰
법률
퀼트
중진
저녁
카드
고문
드림
아동
여류
패키지
목우회
유아
유공
타워
플루토
도슨트]"
1,"[역사
시기
선조
복원
생활
년대
조선
식민
근대
천년
집안
숨결
전통
공예
국가
계승
공예품
장인
문화재
시작
보존
문화유산
나라
선비
당시
왕실
스승
일제강점기
우리나라
강제
미술사
위치
고려
해녀
테마
중심
화가
박물관
조사
당대
초원
탄생
모더니즘
유물
민화
중국
기와
전쟁
화단
일본
아들
편지
멀티
주민
소나무
혁명
여성
카자흐스탄
중앙
서구
아프리카
피카소
남성
인도
영광
화풍
동양화
벽화
서예
전설
고대
초기
유럽
격동
염원
무기
희생
비단
처음
전반
시인
국립
한글
단청
고구려
고분
궁궐
민족
금속
근현대사
비극
초상
남도
진주
백제
리얼리즘
유행
중반
옻칠
음식
조선시대
의례
화장
버스
한국인
통치
그릇
도자기
호랑이
동아시아
삼국시대
토기
옹기
황금
전시품
문명
유배
초상화
마리
유적
운동
일제
해방
보물
민속
신앙
지하
여의도
가로
소설
평화
르누아르
인상주의
평생
안양
불교
한반도
예의
발굴
가르침
청자
고려청자
사회주의
신발
사찰
발명
보석
유산
장수
청동
할머니
매화
출토
고려시대
투쟁
책거리
불상
화백
제자
모란
민중
화선지
걸작
신라
지방
러시아
고흐
고갱
문인화
임진왜란
이집트
무덤
분청사기
김홍도
불화
청동기
제사
민주화
장승업
초반
모네
정착
북한
해양
풍속
채색화
선사시대
모자
정조
분단
공주
벙커
추정
승려
병풍
소금
봉산
세계대전
부처
활자
신안
사비
실크로드
국보
반가사유상
인상파
마곡사
금동
마한
전라도
나주
교역
클림트
호남
삼별초
은해사
괘불]"
2,"[사진
기록
기둥
가구
감상
발휘
퍼포먼스
연극
영화
음악
동료
융합
연출
테크놀로지
허물
설치
직조
디지털
무대
드로잉
세계
시대정신
콜라보레이션
리서치
자생
최근
중점
작고
제약
미디어
게임
바탕
스케치
실용
목적
기적
기사
과학자
방법론
댄스
시리즈
대중문화
흥미
장식
실감
한층
축하
포토
백남준
경의
출발점
생애
편의
기록물
스크린
대기
실내
사상
기념비
참여자
삼고
자동차
인터뷰
영상
무늬
비디오
장의
화로
동행
직접
사운드
그래픽
텔레비전
텍스트
스타일
취향
착안
인터넷
촬영
번역
출현
컴퓨터
카메라
동양
상영
실시간
타임
감독
다큐멘터리
필름
간접
중시
배우
스토리
애니메이션
통합
채널
마무리
실행
압축
산수화
이중
주제가
한정
시계
컬러
밴드
대형
유형
백자
탈피
장신구
장애
공장
목표
매료
서양
라이프
흑백
동력
원천
제거
권위
직업
형제
재능
미디어아트
진입
이응노
취미
작업실
공사
벽돌
궁전
극단
지위
확보
금지
패션
최신
랙티브
다빈치
발상
일러스트레이션
스토리텔링
액자
일러스트
과감
인문학
두번째
성향
인정
오프라인
설치미술
플레이
이불
기물
세트
타이틀
직물
실크
공통점
학습
실의
조형성
새해
미의식
정형
창의성
윤정
단편
세라믹
획득
경지
팝업
아이콘
모델
나전
성취
서정
범위
전형
여개
서재
스펙트럼
추상화
부제
섹션
원본
스틸
드라마
배려
일러스트레이터
에세이
상이
목판화
관조
일관
로버트
페이지
은하
도착
원화
모형
장미
정물화
기인
충격
잉크
유령
선별
연대기
향수
원시
소식
날개
수묵화
문구
리얼
어진
접속
발언
정신과
미니
영화관
클레이
프로
만끽
유튜브
라인
이승
배움
빌딩
극대
파트
영어
주택
동참
내셔널
증강현실
시네마
전경
인쇄
농담
콜라보
싱글
라디오
하룬
로키
라이프스타일
태명
훈민정음
캘리
책장
분청
포르
세티
퓰리처상]"
3,"[기준
불어
만물
의도
발산
그릴
환영
충만
상호작용
배경
호흡
아픔
강요
조우
경이
지식
지혜
대상
오감
소환
본연
대응
생존
과연
마찬가지
생물
반대
관계성
생동
구분
유희
윤리
자유
단계
연속
욕구
원형
은색
휴식
생기
이동
여정
계단
평소
발현
주장
대면
동작
탐험
층위
채집
내러티브
나름
변환
감시
공감각
증명
비록
간극
만남
일기
낙서
마법
이의
응시
숫자
풍요
사색
공기
힐링
휴가
판단
선의
본능
몽환
형언
초적
깨달음
직관
시점
결정
재미
파생
위협
눈앞
자의
거울
예측
무지개
몸짓
씨앗
방법
육체
성격
회색
비유
고독
심상
초록
통로
유토피아
갈망
비현실적
전복
기분
익명
유발
산책
복제
혼돈
필연
고백
다만
생일
각도
마음껏
창의력
코끼리
믿음
즐거움
능동
능력
유도
온도
회복
조물
제안
규범
일상생활
망각
청각
해학
거부
개개인
건물
인형
전면
소유
청춘
두려움
면적
고뇌
사용자
아기
날씨
박스
취하
도구로
투사
거치
버려진
수납
운명
조립
위안
반려동물
존중
물의
신념
가면
중간
지지
장난감
재탄생
캐릭터
반사
미지
파장
주름
신의
자국
컨셉
곤충
재건
가상현실
기기
가공
그때
진리
승화
일지
편견
포괄
허구
미소
변신
토끼
사과
감지
체감
극적
통찰
가치관
즉흥
주위
폭발
침묵
내적
형체
명상
심장
이성
앤서니
브라운
동심
진동
직면
보존과학
재난
마음속
문장
창문
초현
실적
본성
고립
추적
안과
진보
야기
바깥
안고
통제
판타지
웃음
지적
경로
플라스틱
신호
이상향
공포
왕자
긴장감
정글
부모님
초민]"
4,"[글자
발견
흔적
모습
생각
도시
수도
사람
기쁨
기운
하루
여름
바람
얼굴
겨울
이야기
비물질
성질
그림
일상
교감
놀이
메시지
노트
상상
동물
세상
인체
기억
푸른
주인공
그녀
식물
바다
그리움
행복
순간
치유
소망
공감
긍정
영감
마음
머리
생동감
구름
문자
여백
감동
친구
고향
가족
사랑
풍경
추억
그림책
정원
바닥
선물
죽음
전하
프레임
주변
노래
수직
수평
우연
외부
색상
아이
어른
색깔
표정
계절
여유
환상
여행
매력
화폭
다소
리듬
재생
분위기
아버지
가을
자화상
터치
호기심
하늘
동화
상처
고통
분할
규칙
모티브
설정
엄마
흰색
희망
특유
영혼
절제
촉각
향기
여인
인생
물고기
아빠
인상
풍경화
대비
어머니
고양이
단순화
아날로그
슬픔
변주
무게
브릭
덩어리
울림
놀이터
모래
낯선
공룡
로봇
어둠
정물
파편
공작
도깨비]"
5,"[소목장
작품
동식
독자
예술
원전
평론가
예술가
비평
미국
영국
홍콩
기자
계원예술대
학교
전공
공부
졸업
경희대학교
재학
시각예술
런던
전세계
린다
선구자
유족
화공
지평
강의
르네상스
저서
파리
아카이브
포스터
광고
선전
대중
기초
연구자
일반인
화학
연구원
스위스
출신
네덜란드
기구
도움
응원
서양화
작년
경향
강화
서예가
금강
김환기
삽화
발자취
창의
전인
뉴욕
평가
무용
협업
인기
태국
인도네시아
대만
필리핀
방송
독창
에디
영화감독
선도
전역
여자
프랑스
개성
유일
순수
열정
연례
장기
애호가
대학교
동문
고전
덴마크
베를린
대학
교수
소품
대작
문학
문인
베이징
회사
재직
서울대학교
대학원
조소
조형예술
홍익대학교
김종영
석사
학사
입학
독일
자랑
이화여자대
경력
이사
수채화
화제
응용
도약
전통문화
살롱
천연
국적
데뷔
이란
학부
박래현
출판사
출생
아이디어
진심
서울역
의상
외국인
지상
계획
귀국
제정
축구
남북
주역
망라
모던
거장
비평가
대관
박람회
커뮤니티
염색
주얼리
명칭
트렌드
공단
성공
전문가
외국
수학
아틀리에
수료
신문
선생님
호주
중동
격려
아카데미
데이비드
워홀
이탈리아
용선
사진가
엄선
이론
개척
천안
박사
도서
폴란드
활약
리스트
뉴미디어
동아리
영향력
회고
칸딘스키
고취
국서
클럽
철도
마츠모토
원작
인물화
표지
핀란드
고고학
릴레이
에코
잡지
스타
마티스
고등학교
사진사
한국사
아방가르드
상업
아리랑
유네스코
예산
교사
팝아트
박서보
커미션
디렉터
동원
명성
업적
그래피티
유학
도쿄
앤디
최정화
캘리그라피
국화
부장
장욱진
피해
년생
을지로
전위
코르뷔지
정숙
아세안]"
6,"[기회
서울
시민
마루
현대
특별
명품
지역
전승
개인
개최
계기
플랫폼
인천
아트
캐나다
그레이스
기획
년도
제공
디자인
체전
마련
전이
소장품
미술관
수집
정책
컬렉터
정웅
선생
기증
파주
순회
부산
대전
군산
경기
심포지엄
프로젝트
개관
기념
야외
조선일보
플라자
디자이너
일환
감사
울산
갤러리
관장
기획전
설전
기념관
건축
전과
다방
이중섭
화전
강남
공식
시립
종로구
종로
글로벌
대규모
아시아
몽골
마켓
학예
카페
정상
일간
기업
페어
조직
센터
롯데
독립
정선
무역
영은
부스
관광
회관
전남
세종
광주
사생
여수
대구
사진전
경기도
화랑
수원
미협
경남
페스티벌
청주
중심지
은행
시장
코리아나
관리
건국
올림픽
컬렉션
미술품
수장
비엔날레
서화
김해
경상북도
전북
헝가리
수교
서울특별시
하우스
광화문
국토
건설
광장
인사
평양
한복
스포츠
정부
인사동
코리아
기여
소속
큐브
역대
전주
베트남
전당
사진작가
스페인
경주
통일
양성
예술의전당
가나
도서관
장관
미술상
벨기에
어워드
수상자
호텔
성남
용인
한가람
동대문
코엑스
경희궁
박수근
기타
두산
대통령
수채
상하이
창원
예술원
광복
창고
국립박물관
충남
발간
제국
학예연구사
김정희
화이트
상설
익산
베니스
발달장애
창동
교환
건립
임시정부
휴먼
시티
평창
지리
겸재
영화제
건축가
컴퍼니
난민
덕수궁
팩토리
구로
화관
오픈스튜디오
브랜드
민주
스웨덴
강원도
과천
상인
백화점
로마
바우하우스
강원
김중업
뷰티
싱가폴
광화
춘천
안산
제전
작전
동전
상형
북경
은평
영월
국외
드레스덴
장흥
에트루리아]"
7,"[현재
가치
변화
이유
체제
의미
전환
과정
사회
기술
지금
출발
동시
실험
관계
균형
담론
형성
상호
경계
언어
관념
파괴
해석
창조
시도
집중
인공
태도
방향
구축
정체
모색
실천
과거
환경
보편
시대
측면
대의
생태
궁극
인식
매체
맥락
공동체
세대
기호
인류
집단
흐름
지구
위기
문제
고민
과학
안정
오늘날
질문
실현
원리
현상
작동
미래
세계관
이념
지배
비판
접근
정치
폭력
경제
세월
대변
고정
논리
탐색
철학
탐구
단면
정서
뿌리
진화
정의
영역
다양성
관점
한계
성의
속도
충돌
미학
분리
체계
수단
관통
성찰
정신
내재
미적
감수성
잠재
의식
생산
성은
초월
분석
현실
사적
신화
산업화
고도
왜곡
의문
부정
소외
단절
극복
갈등
고유
시적
함축
변모
표상
목소리
근본
배제
도전
노동
객관
권력
강박
공통
환기
종교
공존
노출
생태계
고찰
소비
관습
차이
질서
의지
풍자
구성원
자세
성적
외면
혼란
규정
지향
대립
긴장
유동
균열
자본주의
아이러니
상실
축적
모순
자본
부재
지능
물음
억압
근거
저항
실존
이주
열망
계급]"
8,"[과제
건축물
대지
무형
자리
개발
발전
연구
네트워크
제주
우선
공공
기대
대안
노력
자원
급변
파도
제주도
천재
연대
이슈
화성
기후변화
쓰레기
첨단
지도
복합
증가
성장
탄소
상기
이데올로기
전략
요즘
용기
충족
그리기
근대화
주기
인연
안녕
기원
유년
지붕
전망
비밀
찾기
혁신
수가
지형
출하
픽션
물결
도심
향연
블루
접점
남자
폭포
집합
태양
이웃
봄날
회상
가정
발달
절망
애정
마을
동경
경쟁
포기
해소
각인
진정
골목
신비
남녀
제도
제대로
사계절
말로
공원
나은
계층
정성
스펙
상대
논의
유통
야생
보호
사례
발전소
일곱
부부
소녀
원래
주인
홀로
팬데믹
돼지
설계
명화
소년
패러다임
아파트
친환경
산업
방안
관해
다시금
고리
정립
약속
매혹
냄새
도로
방향성
가늠
가방
자연환경
리넨
화합
앞서
걸음
모험
보통
과학기술
이로
바이러스
빛깔
어려움
기후
증거
바다로
뉴스
산업혁명
나비
산수
경관
한강
노인
낭만
대가
공적
아침
동네
동굴
학문
노동자
포스트
도래
살기
재정
내기
연필
도시화
주거
뮤즈
녹색
들꽃
부엌
유라시아
반려
머리카락
백성
이씨]"
9,"[특징
기도
해체
나무
생명
자연
도구
인간
기법
공간
시각
완성
작업
관객
회화
교차
감각
물질
실재
가상
물리
변형
기하학
형태
구현
경험
시공간
발생
사이
유기
소통
공유
상징
기계
감성
추상
표현
묘사
상태
반응
이미지
인지
생명력
신체
에너지
사유
작용
조각
진실
소리
현대인
조화
종이
서사
조형
화면
형상
모양
콜라주
무의식
행동
인물
행위
개입
움직임
속성
사고
반복
타인
유화
구체
평면
은유
강조
사실
관찰
무수
연상
내면
물감
캔버스
색감
크기
사물
본질
입체
선택
상상력
느낌
결합
우주
불안
색채
자극
심리
자아
감정
패턴
투영
판화
효과
무한
표면
질감
지각
데이터
차원
욕망
전기
아크릴
생명체
순환
전체
배치
한지
지점
근원
실체
조합
역설
소멸
혼합
수묵
그림자]"